{
  "answer_relevancy": 0.7332849005703305,
  "context_precision": 0.9999999999333333,
  "faithfulness": 0.6,
  "context_recall": 1.0
}